"table","fieldName","description","dataType","units","downloadPkg","pubFormat","primaryKey","categoricalCodeName"
"bat_gaugeWaterColumnRegression","uid","Unique ID within NEON database; an identifier for the record","string",NA,"expanded","asIs",NA,NA
"bat_gaugeWaterColumnRegression","domainID","Unique identifier of the NEON domain","string",NA,"expanded","asIs",NA,NA
"bat_gaugeWaterColumnRegression","siteID","NEON site code","string",NA,"expanded","asIs",NA,NA
"bat_gaugeWaterColumnRegression","namedLocation","Name of the measurement location in the NEON database","string",NA,"expanded","asIs",NA,NA
"bat_gaugeWaterColumnRegression","startDate","The start date-time or interval during which an event occurred","dateTime",NA,"expanded","yyyy-MM-dd'T'HH:mm'Z'(floor)",NA,NA
"bat_gaugeWaterColumnRegression","endDate","The end date-time or interval during which an event occurred","dateTime",NA,"expanded","yyyy-MM-dd'T'HH:mm'Z'(floor)",NA,NA
"bat_gaugeWaterColumnRegression","regressionStartDate","The start date-time or interval for which a gauge height vs. water column height regression equation is active","dateTime",NA,"expanded","yyyy-MM-dd'T'HH:mm'Z'(floor)",NA,NA
"bat_gaugeWaterColumnRegression","regressionEndDate","The end date-time or interval for which a gauge height vs. water column height regression equation is active","dateTime",NA,"expanded","yyyy-MM-dd'T'HH:mm'Z'(floor)",NA,NA
"bat_gaugeWaterColumnRegression","regressionID","Unique identifier for a gauge height vs. water column height regression equation","string",NA,"expanded","asIs",NA,NA
"bat_gaugeWaterColumnRegression","regressionSlope","Slope of the linear gauge height vs. water column height regression equation","real","meter","expanded","*.###(round)",NA,NA
"bat_gaugeWaterColumnRegression","regressionIntercept","Intercept of the linear gauge height vs. water column height regression equation","real","meter","expanded","*.###(round)",NA,NA
"bat_gaugeWaterColumnRegression","regressionRSquared","Coefficient of determination (R^2) for the linear gauge height vs. water column height regression","real",NA,"expanded","*.###(round)",NA,NA
"bat_gaugeWaterColumnRegression","regressionAllEventIDs","All of the eventIDs associated with guage readings that are used to determine the gauge height vs. water column height regression equation","string",NA,"expanded","asIs",NA,NA
"bat_gaugeWaterColumnRegression","dataQF","Data quality flag","string",NA,"expanded","asIs",NA,NA
"csd_continuousDischarge","siteID","NEON site code","string",NA,"basic","asIs",NA,NA
"csd_continuousDischarge","stationHorizontalID","Horizontal code for station","string",NA,"basic","asIs",NA,NA
"csd_continuousDischarge","namedLocation","Name of the measurement location in the NEON database","string",NA,"basic","asIs",NA,NA
"csd_continuousDischarge","endDate","The end date-time or interval during which an event occurred","dateTime",NA,"basic","yyyy-MM-dd'T'HH:mm'Z'(round)",NA,NA
"csd_continuousDischarge","curveID","Unique identifier for the curve fit to gauge and discharge measurements","string",NA,"basic","asIs",NA,NA
"csd_continuousDischarge","regressionID","Unique identifier for a gauge height vs. water column height regression equation","string",NA,"basic","asIs",NA,NA
"csd_continuousDischarge","calibratedPressure","Calibrated surface water pressure","real","kilopascal","basic","*.##(round)",NA,NA
"csd_continuousDischarge","equivalentStage","Stage equivalent to the observed surface water pressure","real","meter","basic","*.##(round)",NA,NA
"csd_continuousDischarge","nonSystematicUnc","Uncertainty associated with instrumental noise and free surface fluctuations; sensor repeatability","real","meter","basic","*.##(round)",NA,NA
"csd_continuousDischarge","systematicUnc","Uncertainty associated with the relationship between water column height and staff gauge readings; quantified by the difference between calculatedStage and recorded gaugeHeight","real","meter","basic","*.##(round)",NA,NA
"csd_continuousDischarge","stageUnc","Uncertainty associated with the stage timeseries data; the sum of nonSystematicUnc and systematicUnc","real","meter","basic","*.##(round)",NA,NA
"csd_continuousDischarge","maxpostDischarge","Total stream or river discharge","real","litersPerSecond","basic","*.##(round)",NA,NA
"csd_continuousDischarge","withParaUncQMedian","Median discharge including parametric error associated with the rating curve fit","real","litersPerSecond","expanded","*.##(round)",NA,NA
"csd_continuousDischarge","withParaUncQLower2Std","Lower bound of the 95 % confidence interval for discharge including parametric error associated with the rating curve fit","real","litersPerSecond","basic","*.##(round)",NA,NA
"csd_continuousDischarge","withParaUncQUpper2Std","Upper bound of the 95 % confidence interval for discharge including parametric error associated with the rating curve fit","real","litersPerSecond","basic","*.##(round)",NA,NA
"csd_continuousDischarge","withParaUncQLower1Std","Lower bound of one standard deviation for discharge including parametric error associated with the rating curve fit","real","litersPerSecond","expanded","*.##(round)",NA,NA
"csd_continuousDischarge","withParaUncQUpper1Std","Upper bound of one standard deviation for discharge including parametric error associated with the rating curve fit","real","litersPerSecond","expanded","*.##(round)",NA,NA
"csd_continuousDischarge","withParaUncQMean","Mean discharge including parametric error associated with the rating curve fit","real","litersPerSecond","expanded","*.##(round)",NA,NA
"csd_continuousDischarge","withParaUncQStdDev","Standard deviation of discharge including parametric error associated with the rating curve fit","real","litersPerSecond","expanded","*.##(round)",NA,NA
"csd_continuousDischarge","withRemnUncQMedian","Median discharge including parametric and remnant error associated with the rating curve fit","real","litersPerSecond","expanded","*.##(round)",NA,NA
"csd_continuousDischarge","withRemnUncQLower2Std","Lower bound of the 95 % confidence interval for discharge including parametric and remnant error associated with the rating curve fit","real","litersPerSecond","basic","*.##(round)",NA,NA
"csd_continuousDischarge","withRemnUncQUpper2Std","Upper bound of the 95 % confidence interval for discharge including parametric and remnant error associated with the rating curve fit","real","litersPerSecond","basic","*.##(round)",NA,NA
"csd_continuousDischarge","withRemnUncQLower1Std","Lower bound of one standard deviation for discharge including parametric and remnant error associated with the rating curve fit","real","litersPerSecond","expanded","*.##(round)",NA,NA
"csd_continuousDischarge","withRemnUncQUpper1Std","Upper bound of one standard deviation for discharge including parametric and remnant error associated with the rating curve fit","real","litersPerSecond","expanded","*.##(round)",NA,NA
"csd_continuousDischarge","withRemnUncQMean","Mean discharge including parametric and remnant error associated with the rating curve fit","real","litersPerSecond","expanded","*.##(round)",NA,NA
"csd_continuousDischarge","withRemnUncQStdDev","Standard deviation of discharge including parametric and remnant error associated with the rating curve fit","real","litersPerSecond","expanded","*.##(round)",NA,NA
"csd_continuousDischarge","dischargeRangeQF","Discharge quality flag for the range test detailed in NEON.DOC.011081 (1=fail; 0=pass; -1=NA (i.e. could not be run))","signed integer",NA,"expanded","integer",NA,NA
"csd_continuousDischarge","dischargeStepQF","Discharge quality flag for the step test detailed in NEON.DOC.011081 (1=fail; 0=pass; -1=NA (i.e. could not be run))","signed integer",NA,"expanded","integer",NA,NA
"csd_continuousDischarge","dischargeNullQF","Discharge quality flag for the null test detailed in NEON.DOC.011081 (1=fail; 0=pass; -1=NA (i.e. could not be run))","signed integer",NA,"expanded","integer",NA,NA
"csd_continuousDischarge","dischargeGapQF","Discharge quality flag for the gap test detailed in NEON.DOC.011081 (1=fail; 0=pass; -1=NA (i.e. could not be run))","signed integer",NA,"expanded","integer",NA,NA
"csd_continuousDischarge","dischargeValidCalQF","Quality flag for the valid calibration check of discharge detailed in NEON.DOC.011081 (1=fail; 0=pass; -1=NA (i.e., could not be run))","signed integer",NA,"expanded","integer",NA,NA
"csd_continuousDischarge","dischargeSuspectCalQF","Quality flag for the suspect calibration check of discharge detailed in NEON.DOC.011081 (1=fail; 0=pass; -1=NA (i.e. could not be run))","signed integer",NA,"expanded","integer",NA,NA
"csd_continuousDischarge","dischargePersistQF","Discharge quality flag for the persistence test detailed in NEON.DOC.011081 (1=fail; 0=pass; -1=NA (i.e. could not be run))","signed integer",NA,"expanded","integer",NA,NA
"csd_continuousDischarge","dischargeFinalQF","Discharge final quality flag indicating whether a data product has passed or failed an overall assessment of its quality; detailed in ATBD (1=fail; 0=pass)","signed integer",NA,"basic","integer",NA,NA
"csd_continuousDischarge","dischargeFinalQFSciRvw","Discharge final quality flag indicating whether a data product has failed a science review of its quality detailed in NEON.DOC.001113 (1=fail; 0=pass/not-reviewed)","unsigned integer",NA,"basic","integer",NA,NA
"csd_continuousDischarge","release","Identifier for data release","string",NA,"appended by stackByTable",NA,"N",""
"geo_gaugeWaterColumnRegression","uid","Unique ID within NEON database; an identifier for the record","string",NA,"expanded","asIs",NA,NA
"geo_gaugeWaterColumnRegression","domainID","Unique identifier of the NEON domain","string",NA,"expanded","asIs",NA,NA
"geo_gaugeWaterColumnRegression","siteID","NEON site code","string",NA,"expanded","asIs",NA,NA
"geo_gaugeWaterColumnRegression","namedLocation","Name of the measurement location in the NEON database","string",NA,"expanded","asIs",NA,NA
"geo_gaugeWaterColumnRegression","startDate","The start date-time or interval during which an event occurred","dateTime",NA,"expanded","yyyy-MM-dd'T'HH:mm'Z'(floor)",NA,NA
"geo_gaugeWaterColumnRegression","endDate","The end date-time or interval during which an event occurred","dateTime",NA,"expanded","yyyy-MM-dd'T'HH:mm'Z'(floor)",NA,NA
"geo_gaugeWaterColumnRegression","regressionStartDate","The start date-time or interval for which a gauge height vs. water column height regression equation is active","dateTime",NA,"expanded","yyyy-MM-dd'T'HH:mm'Z'(floor)",NA,NA
"geo_gaugeWaterColumnRegression","regressionEndDate","The end date-time or interval for which a gauge height vs. water column height regression equation is active","dateTime",NA,"expanded","yyyy-MM-dd'T'HH:mm'Z'(floor)",NA,NA
"geo_gaugeWaterColumnRegression","regressionID","Unique identifier for a gauge height vs. water column height regression equation","string",NA,"expanded","asIs",NA,NA
"geo_gaugeWaterColumnRegression","regressionSlope","Slope of the linear gauge height vs. water column height regression equation","real","meter","expanded","*.###(round)",NA,NA
"geo_gaugeWaterColumnRegression","regressionIntercept","Intercept of the linear gauge height vs. water column height regression equation","real","meter","expanded","*.###(round)",NA,NA
"geo_gaugeWaterColumnRegression","regressionRSquared","Coefficient of determination (R^2) for the linear gauge height vs. water column height regression","real",NA,"expanded","*.###(round)",NA,NA
"geo_gaugeWaterColumnRegression","regressionAllEventIDs","All of the eventIDs associated with guage readings that are used to determine the gauge height vs. water column height regression equation","string",NA,"expanded","asIs",NA,NA
"geo_gaugeWaterColumnRegression","dataQF","Data quality flag","string",NA,"expanded","asIs",NA,NA
"sdrc_gaugePressureRelationship","uid","Unique ID within NEON database; an identifier for the record","string",NA,"expanded","asIs",NA,NA
"sdrc_gaugePressureRelationship","domainID","Unique identifier of the NEON domain","string",NA,"expanded","asIs",NA,NA
"sdrc_gaugePressureRelationship","siteID","NEON site code","string",NA,"expanded","asIs",NA,NA
"sdrc_gaugePressureRelationship","namedLocation","Name of the measurement location in the NEON database","string",NA,"expanded","asIs",NA,NA
"sdrc_gaugePressureRelationship","stationHorizontalID","Horizontal code for station","string",NA,"expanded","asIs",NA,NA
"sdrc_gaugePressureRelationship","startDate","The start date-time or interval during which an event occurred","dateTime",NA,"expanded","yyyy-MM-dd'T'HH:mm'Z'(round)",NA,NA
"sdrc_gaugePressureRelationship","endDate","The end date-time or interval during which an event occurred","dateTime",NA,"expanded","yyyy-MM-dd'T'HH:mm'Z'(round)",NA,NA
"sdrc_gaugePressureRelationship","calibratedPressMean","Mean calibrated surface water pressure","real","kilopascal","expanded","*.##(round)",NA,NA
"sdrc_gaugePressureRelationship","calibratedPressObsCount","Number of observations included in the calibratedPressMean","real",NA,"expanded","*.##(round)",NA,NA
"sdrc_gaugePressureRelationship","calibratedPressStdDev","Stanrdard deviation of calibrated surface water pressure","real","kilopascal","expanded","*.##(round)",NA,NA
"sdrc_gaugePressureRelationship","calcWaterColumnHeight","Calculated water column height based off of the calibratedPressMean","real","meter","expanded","*.##(round)",NA,NA
"sdrc_gaugePressureRelationship","regressionID","Unique identifier for a gauge height vs. water column height regression equation","string",NA,"expanded","asIs",NA,NA
"sdrc_gaugePressureRelationship","calculatedStage","Stage calculated from the sum of the water column height and sensorStaffGaugeOffset","real","meter","expanded","*.##(round)",NA,NA
"sdrc_gaugePressureRelationship","gaugeCollectDate","Date of the gauge height reading collection event","dateTime",NA,"expanded","yyyy-MM-dd'T'HH:mm'Z'(round)",NA,NA
"sdrc_gaugePressureRelationship","gaugeEventID","Event ID for the gauge reading","string",NA,"expanded","asIs",NA,NA
"sdrc_gaugePressureRelationship","gaugeHeight","Height of water at staff gauge","real","meter","expanded","*.##(round)",NA,NA
"sdrc_gaugePressureRelationship","dataQF","Data quality flag","string",NA,"expanded","asIs",NA,NA
